true_label,pred_label,text,prob_Shringara,prob_Hasya,prob_Karuna,prob_Raudra,prob_Veera,prob_Bhayanaka,prob_Bibhatsa,prob_Adbhuta,prob_Shanta,correct,model,fold
3,4,तेषां तद्वचनं श्रुत्वा पुत्राणां राजसत्तम:।।1.40.9।। समन्युरब्रवीद्वाक्यं सगरो रघुनन्दन।,0.0005841244,0.000116284435,0.0021940721,0.0005593312,0.9948367,0.0011343088,0.00012691323,0.00020384786,0.00024453158,False,MuRIL,2
4,3,यदिमांप्रतियुध्येरन् देवगन्धर्वदानवाः । नैवसीतांप्रदास्यामिसर्वलोकभयादपि ।।6.24.37।।,0.0009456509,0.0005558296,0.0018834908,0.76386654,0.22837378,0.0026631854,0.00077640964,0.00054697227,0.0003881728,False,MuRIL,3
3,7,हरीणांचाश्मनिकरैश्शरवर्षाच्चराघवात् । हन्यमानोदशग्रीवोविघूर्णहृदयोऽभवत् ।।6.105.27।।,0.00038109793,0.00012900242,0.00023578772,0.000418933,0.00035191068,0.00047229737,0.00020536667,0.9976562,0.00014927625,False,MuRIL,1
8,4,तपस्स्वाध्यायनिरतं तपस्वी वाग्विदां वरम् । नारदं परिपप्रच्छ वाल्मीकिर्मुनिपुङ्गवम् ।।1.1.1।।,0.0014364196,0.03747752,0.0006703015,0.0018942294,0.9007287,0.0021369315,0.001218059,0.019019384,0.035418376,False,MuRIL,4
2,3,ततोहतांस्तान् सहसानिशम्यराजामुमोहपरिप्लुताक्षः । पुत्रक्षयंभ्रातृवधं च घोरंविचिन्त्यराजाविपुलंप्रदध्यौ ।।6.73.2।।,0.00032365732,0.00037913502,0.019272862,0.9713074,0.0036277648,0.0034797324,0.0009684294,0.00027577317,0.0003651607,False,MuRIL,3
4,3,रामोऽथ सहसौमित्रिर्वनं गत्वा स वीर्यवान्।।3.68.32।। स्थूलान्हत्वा महारोहीननुतस्तार तं द्विजम्।,0.00031070644,0.00043337615,0.001003172,0.9764708,0.02038077,0.0005229301,0.0004890532,0.00018960435,0.00019960944,False,MuRIL,3
3,2,मातृरूपे ममामित्रे नृशंसे राज्यकामुके। न तेऽह मभिभाष्योऽस्मि दुर्वृत्ते पतिघातिनि।।2.74.7।।,0.0060260748,0.0013573423,0.8182392,0.1638262,0.0035146498,0.0041069263,0.0014987867,0.00080798706,0.0006227145,False,MuRIL,1
2,4,जीवितं धारयिष्यामि मासं दशरथात्मज। ऊर्ध्वं मासान्न जीवेयं सत्येनाहं ब्रवीमि ते।।5.38.67।।,0.004578149,0.0011855052,0.108279586,0.02071105,0.848128,0.01258053,0.0009201255,0.0015758947,0.0020411534,False,MuRIL,1
2,3,एवंलालप्यमानायांसीतायांतत्रराक्षसः । अभिचक्रामभर्तारमनीकस्थःकृताञ्जलिः ।।6.32.34।।,0.00052952854,0.00051286723,0.0052707465,0.98083246,0.010698468,0.0012684595,0.0005046447,0.00022615313,0.00015670308,False,MuRIL,3
3,2,तौपरस्परमासाद्ययत्तावन्योन्यसूदने । मार्जाराविवभक्ष्यार्थेऽवितस्थातेमुहुर्मुहुः ।।6.40.22।।,0.0012233211,0.00058114727,0.7869607,0.13118842,0.07193863,0.005139413,0.0019418383,0.0002646011,0.0007618517,False,MuRIL,2
4,3,ओषधीर्नावगच्छामिताअहंहरिपुङ्गव ।।6.102.34।। तदिदंशिखरंकृत्स्नंगिरेस्तस्याहृतंमया ।,0.00084950525,0.00062460674,0.02899052,0.9511232,0.013181421,0.0028850224,0.0015550938,0.00047077922,0.00031980182,False,MuRIL,3
4,3,अचिन्तयित्वाबाणौघान् शरीरेपतितान्शितान् । अकम्पनवधार्थायमनोदध्रेमहाबलः ।।6.56.12।।,0.00032092954,0.00030284122,0.000932006,0.97248083,0.024134092,0.0008742479,0.0005137446,0.00022818988,0.0002131394,False,MuRIL,3
3,4,सोऽस्त्रयुक्तेनबाणेननीलोवक्षसिताडितः । निर्धह्यमानस्सहसानिपपातमहीतले ।।6.59.90।।,0.0006614584,0.00031988995,0.0007031649,0.043833125,0.9524407,0.00089853903,0.00035332172,0.00051238015,0.00027743453,False,MuRIL,3
4,2,बद्धगोधाङ्गुलित्राणे प्रगृहीतशरासने। कथं पुरुषमानी स्यात्पुरुषाणां मयि स्थिते।।2.23.35।।,0.0032399083,0.00037034662,0.9917269,0.001889201,0.0010497008,0.00072203146,0.00030339518,0.00042574733,0.00027289515,False,MuRIL,1
4,7,ततःकाञ्चनमत्युच्चमृषभंपर्वतोत्तमम् । कैलासशिखरंचापिद्रक्ष्यस्यरिनिषूदन ।।6.74.30।।,0.0005219137,0.0002434872,0.00034320014,0.00065881223,0.0008798819,0.00065557135,0.0002511425,0.99548966,0.00095631956,False,MuRIL,1
3,4,ममर्दाश्वान्गजांश्चापिरथांश्चापिनगोत्तमः ।।6.67.11।। तानिचान्यानिरक्षांसिएवंचान्यगदिरेःशिरः ।,0.0015154367,0.00037499392,0.0015626386,0.01754257,0.9632956,0.011038267,0.00062681094,0.0033910281,0.00065274164,False,MuRIL,1
4,8,अथ काले गते तस्मिन् षष्ठेऽहनि समागते। सौमित्रिमब्रवीद्रामो यत्तो भव समाहित:।।1.30.7।।,0.00017796938,0.00019081966,0.00088465324,0.0004542718,0.004902817,0.0002488302,0.00010050486,0.00028022128,0.99275994,False,MuRIL,4
2,0,मुक्ताहाराऽवृताश्चान्याः काश्चिद्विस्रस्तवाससः। व्याविद्धरशनादामाः किशोर्य इव वाहिताः।।5.9.47।।,0.98890114,0.00040614384,0.007998908,0.00048826748,0.00048085966,0.00032517067,0.00043076757,0.00065931986,0.00030949566,False,MuRIL,3
8,0,अशीर्वादान्बहून् शृण्वन्सुहृद्भिस्समुदीरितान्।।2.17.7।। यथार्हं चापि सम्पूज्य सर्वानेव नरान्ययौ।,0.76539636,0.00040497186,0.2157891,0.0007614437,0.0049420623,0.0021188606,0.00044224484,0.0037265422,0.0064184386,False,MuRIL,5
4,7,पुष्पिताग्रैश्चतरुभिस्सेतुंबध्नन्तिवानराः । पाषाणांश्चगिरिप्रख्यागनिरीणांशिखराणिच ।।6.22.64।। दृश्यन्तेपरिधावन्तोगृह्यदानवसन्निभाः ।,0.00014537976,0.0001464651,0.0001622619,0.00046438788,0.00037928918,0.0004491065,0.0002519235,0.99783796,0.00016327741,False,MuRIL,1
3,4,तथापित्वांमयामुक्तस्सायोकोऽस्त्रप्रयोजितः । जीवितंपरिरक्षन्तंजीविताद्भ्रंशयिष्यति ।।6.59.88।।,0.0030985083,0.0005089706,0.0262845,0.049989056,0.90512705,0.012071393,0.00055205676,0.0011959932,0.0011724837,False,MuRIL,1
0,2,कदानुचारुबिम्बोष्ठंतस्याःपद्ममिवाननम् । ईषदुन्नम्यपास्यामिरसायनमिवातुरः ।।6.5.13।।,0.08514237,0.0003866018,0.90001196,0.0034934573,0.0050244727,0.0022768944,0.00044868776,0.0018114428,0.0014041398,False,MuRIL,1
3,4,शराभिघातसम्रब्दःसोऽभिजग्राहसायकान् । काकुत्स्थ: सुमहातेजायुगान्तादित्यतेजसः ।।6.105.8।।,0.00029706865,7.047263e-05,0.00075372594,0.006943305,0.98987913,0.0011517679,0.00027353078,0.00044451366,0.00018655811,False,MuRIL,2
0,7,अन्या कनकसङ्काशैर्मृदुपीनैर्मनोरमैः। मृदङ्गं परिपीड्याङ्गैः प्रसुप्ता मत्तलोचना।।5.10.42।।,0.043761965,0.0007155433,0.001438515,0.0011202099,0.0016739346,0.0010949105,0.0068312846,0.9414003,0.0019633276,False,MuRIL,2
2,4,सह नूनं मम भ्रात्रा पुरस्यास्य द्युतिर्गता। न हि राजत्ययोध्येयं सासारेवार्जुनी क्षपा।।2.114.28।।,0.0011351621,0.00029918103,0.05048168,0.001595436,0.9443392,0.0014266925,0.00025936423,0.00021865434,0.00024454476,False,MuRIL,2
8,4,तथा पौरजनस्यापि कर्तव्या बहुविस्तरा:। आवासा बहुभक्ष्या वै सर्वकामैरुपस्थिता:।।1.13.11।।,0.0023939859,0.00046697204,0.004977258,0.00042680118,0.988167,0.00065363286,0.00026759246,0.00046299858,0.0021837854,False,MuRIL,5
2,0,सुस्राव नयनैः स्त्रीणामस्रमायाससम्भवम्। मीनसङ्क्षोभचलितै स्सलिलं पङ्कजैरिव।।2.40.35।।,0.9951265,9.365194e-05,0.0027880573,0.0005530283,0.00055973674,0.00022033314,0.00022552098,0.00023532737,0.00019791772,False,MuRIL,2
0,5,"वृष्टिधाराः शनैर्घनैर्घनघोषमिश्रिताः।
दीपालोके मुखं पत्युः पत्नी पश्यति निर्वृतिः॥",0.0006645287,0.00036251542,0.00037343948,0.00014029285,0.00011634735,0.991446,0.000677869,0.00032731277,0.005891692,False,MuRIL,2
3,4,वाग्बलंत्यजदुर्बुद्धेक्रूरकर्मासिराक्षस ।।6.88.27।। अथकस्माद्वदस्येतत्सम्पादयसुकर्मणा ।,0.0010011308,0.00044615736,0.0013042532,0.035180613,0.948599,0.010545771,0.0005687383,0.0017323792,0.0006219432,False,MuRIL,1
4,8,सत्यवादी महेष्वासो वृद्धसेवी जितेन्द्रियः।।2.2.41।। स्मितपूर्वाभिभाषी च धर्मं सर्वात्मना श्रितः।,0.00062622095,0.00036091814,0.00110184,0.0002525421,0.0054136696,0.00025252835,0.00010916313,0.00027043294,0.99161255,False,MuRIL,3
2,3,हीयमानमथोऽपश्यत्सुग्रीवं वानरेश्वरम्। वीक्षमाणं दिशश्चैव राघवस्स मुहुर्मुहुः4.16.31।।,0.0019982867,0.0011251926,0.24759963,0.5798827,0.15732178,0.008621365,0.001407622,0.0009918149,0.0010515635,False,MuRIL,3
0,2,किं धावसि प्रिये दूरे दृष्टासि कमलेक्षणे। वृक्षैराच्छाद्य चात्मानं किं मां न प्रतिभाषसे।।3.60.26।।,0.16884217,0.0010360668,0.8220461,0.0009979985,0.0017760046,0.0027629987,0.0005656916,0.0014488335,0.0005240061,False,MuRIL,4
5,3,तस्यनानद्यमानस्यकुम्भकर्णस्यरक्षसः । श्रुत्वानिनादंवित्रस्ताःभूमिभूयोवितत्रसे ।।6.61.16।।,0.00013253005,0.00040867858,0.0002610601,0.99329174,0.00045189593,0.004500816,0.0006058682,0.00018322821,0.0001642231,False,MuRIL,4
3,0,पुरेव मे चारुदंतीमनिन्दितां दिशन्ति सीतां यदि नाद्य मैथिलीम्। सदेवगन्धर्वमनुष्यपन्नगं जगत्सशैलं परिवर्तयाम्यहम्।।3.64.75।।,0.99804014,0.00013105769,0.0006884437,0.00017977609,0.00035890585,0.00012233981,7.537885e-05,0.00032092014,8.302965e-05,False,MuRIL,5
4,7,सोऽहंरिपुविनाशायविजयायाविचारयन् । स्वयमेवगमिष्यामिरणशीर्षंतदद्भुतम् ।।6.59.5।।,0.00013901269,0.00012038624,6.256674e-05,0.00018148731,0.00085450284,0.00025541388,0.00016112809,0.99806565,0.00015982325,False,MuRIL,4
2,3,अवकीर्णं विमार्जन्ती भर्तारं रणरेणुना। अस्रैर्नयनजैश्शूरं सिषेचास्त्रसमाहतम्4.23.20।।,0.00036672247,0.00024881147,0.002402267,0.8310933,0.16183278,0.002749414,0.00084729155,0.00022253387,0.00023688945,False,MuRIL,4
8,2,सर्वथा हि नगन्तव्यमीदृशः क्व गमिष्यसि। देशकालौ प्रतीक्षस्व पक्षौ त्वं प्रतिपत्स्यसे4.62.12।।,0.00047761796,0.00050669647,0.98894507,0.0006981478,0.0073958873,0.0013051529,0.00022979497,0.000106058855,0.00033560774,False,MuRIL,2
4,3,तस्मिन्प्रवृत्तेतुमुलेविमर्देप्रहृष्यमाणेषुवलीमुखेषु । निपात्यमानेषु च राक्षसेषुमहर्षयोदेवगणाश्चनेदुः ।।6.69.65।।,0.00032165277,0.0002415088,0.00047664143,0.98763824,0.006651367,0.0036929108,0.00038742562,0.00042691547,0.00016342454,False,MuRIL,1
2,0,याचितो नो निवर्तस्व हंसशुक्लशिरोरुहैः। शिरोभिर्निभृताचार महीपतनपांसुलैः।।2.45.27।।,0.5536888,0.0010485409,0.43130705,0.0057734335,0.0045907884,0.00092215167,0.00082183786,0.0007264146,0.0011210075,False,MuRIL,3
7,0,हारनूपुरकेयूरपारिहार्यधराः स्त्रियः। विस्मिताः सस्मितास्तस्थुराकाशे रमणैः सह।।5.1.26।।,0.64821887,0.0010115509,0.0009819287,0.00063962775,0.0012351397,0.00091904105,0.00091071974,0.34555373,0.0005293452,False,MuRIL,5
5,7,तमद्रिशृङ्गप्रतिमंकिरीटिनंस्पृशन्तमादित्यमिवाऽत्मतेजसा । वनौकसःप्रेक्ष्यविवृद्धमद्भुतं 3 भयार्धितादुद्रुविरेततस्ततः ।।6.60.97।।,0.0003086663,0.00016875252,0.00013821034,0.0003103807,0.00070580875,0.0051828222,0.0005044351,0.99248976,0.0001911768,False,MuRIL,3
2,4,स्वपुरं चागमच्छ्रीमानिष्टयज्ञोमहीपति:।।1.41.25।। गङ्गायाश्चागमे राजा निश्चयं नाध्यगच्छत।,0.0005965773,0.000117481795,0.0012334716,0.00029254647,0.9960439,0.0003197661,0.000109325796,0.0006692267,0.0006177577,False,MuRIL,5
2,3,मनुजेन्द्रार्थरूपेणयदुक्ततुहनूमता । तदयुक्तमहंमन्येसागरस्येवशोषणम् ।।6.84.9।।,0.0011279472,0.0011626191,0.3966087,0.5933042,0.002291636,0.0019741312,0.002551678,0.00031735076,0.000661699,False,MuRIL,4
2,3,स गत्वा सागरं राजा गङ्गयाऽनुगतस्तदा । प्रविवेश तलं भूमेर्यत्र ते भस्मसात्कृता:।।1.44.1।।,0.00026464404,0.0005274338,0.011973143,0.9740132,0.0026212472,0.0033584707,0.0052658394,0.0007032159,0.0012728769,False,MuRIL,2
8,2,कोऽर्थंविमृशेदेकोधर्मेप्रकुरुतेमनः ।।6.6.9।। कःकार्याणिकुरुतेतमाहुर्मध्यमंनरम् ।,0.004803618,0.001588484,0.77852356,0.07738037,0.11739435,0.0083107995,0.0010232391,0.0031702537,0.0078052967,False,MuRIL,1
2,3,किंनुमेसीतयाकार्यंकिंकार्यंजीवितेनवा । शयानंयोऽद्यपश्यामिभ्रातरंयुधिनिर्जितम् ।।6.49.5।।,0.0006970249,0.00027422173,0.09539608,0.8853966,0.014856011,0.0020239558,0.0009193661,0.0001483773,0.00028828418,False,MuRIL,4
4,7,तं ते प्रदक्षिणं कृत्वा दिशापालं महागजम्।।1.40.15।। मानयन्तो हि ते राम जग्मुर्भित्त्वा रसातलम्।,0.00020329186,0.00012372385,8.3913736e-05,0.00015534424,0.0012106065,0.00041895814,0.00019589056,0.99692434,0.00068399985,False,MuRIL,2
3,4,शतानिसप्तचाष्टौ च सहस्राणि च वानराः । प्रकीर्णाःशेरतेभूमौकुम्भकर्णेनपोधिताः ।।6.67.6।।,0.00080091506,0.00057993893,0.0013569887,0.05428008,0.9275383,0.010996532,0.00082518597,0.0031499914,0.00047204376,False,MuRIL,1
8,4,विदितं ते महाराज इक्ष्वाकुकुलदैवतम्।।1.70.16।। वक्ता सर्वेषु कृत्येषु वसिष्ठो भगवानृषि:।,0.0020834291,0.003326367,0.002311349,0.0053860354,0.82263666,0.0014461982,0.0007159016,0.004805571,0.15728837,False,MuRIL,3
2,3,इत्यादिबहुभिर्वाक्यैः क्रूरैः सम्भर्त्सितोऽनघः। विव्यथे भरतस्तीव्रं व्रणे तुद्येव सूचिना।।2.75.17।।,0.0004778463,0.0006103356,0.010033291,0.9835581,0.00078627816,0.0014495989,0.0025252549,0.00022343732,0.0003357978,False,MuRIL,3
7,0,सौमित्रे पश्य पम्पायाश्चित्रासु वनराजिषु। किन्नरा नरशार्दूल विचरन्ति ततस्ततः।।4.1.60।।,0.997866,0.00017855047,0.00042458708,0.00011559781,0.00018323968,0.00020401337,9.61056e-05,0.00079601014,0.0001360246,False,MuRIL,4
3,4,स राक्षसानां निहतं महद्बलं निशम्य राजा परिवृत्तलोचनः। समादिदेशाप्रतिमं पराक्रमे प्रहस्तपुत्रं समरे सुदुर्जयम्।।5.42.43।।,0.0003606261,0.00012170563,0.0004899239,0.00047838682,0.9973116,0.00074263045,0.00013205277,0.00021704548,0.00014596,False,MuRIL,2
4,3,तौत्वदीर्घेणकालेनभ्रातरौरामलक्ष्मणौ । रावणस्यपुरींलङ्कामसेदतुररिन्दमौ ।।6.41.30।।,7.349605e-05,9.7731965e-05,0.00025147072,0.9955764,0.0030596454,0.0004551953,0.00030969534,7.510246e-05,0.000101220845,False,MuRIL,4
4,2,अवदारणकाले तु पृथिवी नावदीर्यते।।2.77.16।। या विहीना त्वया राज्ञा धर्मज्ञेन महात्मना।,0.0005993201,0.00024996165,0.99619615,0.0006517997,0.0008041356,0.00075432233,0.00017834318,0.00023079432,0.00033510092,False,MuRIL,1
4,2,अहं हि सीतां राज्यं च प्राणानिष्टान्धनानि च। हृष्टो भ्रात्रे स्वयं दद्यां भरतायाप्रचोदितः।।2.19.7।।,0.16792119,0.003281972,0.5723214,0.017102337,0.22539866,0.008017875,0.001781925,0.0027858794,0.0013886841,False,MuRIL,1
4,7,स्कन्द इत्यब्रुवन् देवा: स्कन्नं गर्भपरिस्रवात्।।1.37.27।। कार्तिकेयं महाभागं काकुत्स्थ ज्वलनोपमम्।,0.0006276592,0.00039242156,0.0001598685,0.0005605676,0.005560005,0.00070345803,0.000661956,0.9910581,0.00027598155,False,MuRIL,3
2,4,कृतान्तस्त्वेव सौमित्रे द्रष्टव्यो मत्प्रवासने। राज्यस्य च वितीर्णस्य पुनरेव निवर्तने।।2.22.15।।,0.011397515,0.00085703505,0.09763934,0.01033245,0.8626646,0.012748734,0.0010251201,0.0015468588,0.0017883759,False,MuRIL,1
2,8,भवन्तश्श्रुतधर्माणो लोकचारित्रवेदिन: । समादिशन्तु नियमं प्रायश्चित्तं यथा भवेत् ।।1.9.10।।,0.00036756368,0.0010065687,0.0009951676,0.0007259358,0.0059547457,0.00036842073,0.0003524416,0.00039259662,0.9898365,False,MuRIL,3
4,7,विविधाभ्रघनापन्नगोचरो धवलाम्बरः। दृश्यादृश्यतनुर्वीरस्तदा चन्द्रायतेऽम्बरे।।5.57.9।।,0.00031750245,0.00012890706,0.00016827471,0.00029689693,0.00049943075,0.0003950775,0.00015605522,0.9978947,0.00014313385,False,MuRIL,1
2,8,यथापुष्करपत्रेषुपतितास्तोयबिन्दवः । नश्लेषमभिगच्छन्तितथाऽनार्येषुसङ्गतम् ।।6.16.11।।,0.023840295,0.009275875,0.019559324,0.025121173,0.005937256,0.001520305,0.009013843,0.005262265,0.90046966,False,MuRIL,2
4,0,तस्य तद्वचनं श्रुत्वा सम्पातेः प्रीतिवर्धनम्। अङ्गदप्रमुखास्तूर्णं ततस्सम्प्रस्थिता वयम्।।5.35.67।।,0.996182,0.00025087493,0.0013205066,0.0004168677,0.0010986438,0.00013801352,0.00013247339,0.0002942708,0.00016639038,False,MuRIL,3
2,1,आर्येणेव पराक्रुष्टं हासीते लक्ष्मणेति च। परित्राहीति यद्वाक्यं मैथिल्यास्तच्छ्रुतिं गतम्।।3.59.7।।,0.0007955585,0.9943093,0.0023682571,0.0009188879,0.00028417064,0.00024013947,0.0005072674,0.00027533097,0.0003010172,False,MuRIL,2
2,0,तत स्सायाह्न समये तृतीयेऽहनि सारथिः। अयोध्यां समनुप्राप्य निरानन्दां ददर्श ह।।2.57.5।।,0.9857588,0.0003872652,0.0065460294,0.00060425396,0.0022446956,0.0008434106,0.00021282419,0.0028582802,0.0005445976,False,MuRIL,1
2,3,न तेऽहमभिजानामि क्रोधमात्मनि संश्रितम्। देवि केनाभिशप्ताऽसि केन वाऽसि विमानिता।।2.10.28।। यदिदं मम दुःखाय शेषे कल्याणि पांसुषु।,0.000110215566,0.00018801083,0.0002611903,0.9981896,0.00026741737,0.00045395404,0.00032576598,7.3846204e-05,0.00012990297,False,MuRIL,4
2,4,किंचराक्षसराजस्यरामेणापकृतंपुरा । आजहारजनस्थानाद्यस्यभार्यांयशस्विनः ।।6.9.13।।,0.00025331473,5.377902e-05,0.0005582784,0.0005472473,0.9977464,0.0004446601,0.00011353261,0.00013188779,0.00015088065,False,MuRIL,4
4,3,कृच्छ्रेणतुसमाश्वस्यसङ्गम्य च ततस्ततः । वृक्षाद्रिहस्ताहरयस्सम्प्रतस्थूरणाजिरम् ।।6.66.8।।,0.0005508905,0.0004034849,0.0029864796,0.9620163,0.008446643,0.017251695,0.001388477,0.005090864,0.0018652389,False,MuRIL,1
3,4,अथो पुनस्तां महिषीं महीक्षितो वचोभिरत्यर्थमहापराक्रमैः। उवाच कुब्जा भरतस्य मातरं हितं वचो राममुपेत्य चाहितम्।।2.9.60।।,0.0021117837,0.0012257195,0.012377676,0.19860807,0.7832786,0.0009903986,0.0005317188,0.0003528004,0.0005231883,False,MuRIL,3
2,4,चतुर्दशसमास्सौम्यवनेनिर्यातितास्त्वया । वसतासीतयासार्धंलक्ष्मणेन च धीमता ।।6.122.22।।,0.0053219916,0.000291941,0.027849048,0.013176882,0.5133288,0.0034620692,0.0011883631,0.0011055265,0.43427536,False,MuRIL,2
8,2,शर्वरीं भगवन्नद्य सत्यशील तवाश्रमे। उषिताः स्मेह वसतिमनुजानातु नो भवान्।।2.54.37।।,0.33643255,0.0010393455,0.47001213,0.006638434,0.09339267,0.0129517205,0.000923362,0.010964113,0.06764569,False,MuRIL,1
2,0,ज्योत्स्न तुषारमलिना पौर्णमास्यां न राजते। सीतेव चातपश्यामा लक्ष्यते न तु शोभते।।3.16.14।।,0.97618425,0.00022934258,0.018206429,0.0007382239,0.00094238634,0.000874894,0.00065498194,0.0013087932,0.00086067803,False,MuRIL,2
2,0,स काममनवाप्यैव रामपादावुपस्पृशन् ।।1.1.38।। नन्दिग्रामेऽकरोद्राज्यं रामागमनकाङ्क्षया ।,0.99735343,0.00016372644,0.00051166664,0.00018601853,0.0011516304,8.744244e-05,7.759658e-05,0.00035196226,0.00011659085,False,MuRIL,5
7,3,ततःकुम्भनिपातेनजलराशिस्समुत्थितः । व्निध्यमन्दरसङ्काशोविससर्पसमन्ततः ।।6.76.85।।,0.000782199,0.0004196125,0.0031062094,0.94542027,0.0061518727,0.026242295,0.008472054,0.007944728,0.001460784,False,MuRIL,2
2,4,प्रार्थितस्तेन धर्मज्ञ मिधिलायामहं तथा।।1.77.19।। ऋषिमध्ये तु तस्य त्वं प्रीतिं कर्तुमिहार्हसि।,0.34830764,0.0017507314,0.061666884,0.0048633306,0.57844406,0.0005793541,0.00030957256,0.0015653268,0.0025131581,False,MuRIL,5
3,2,कालाग्निना यथापूर्वं त्रैलोक्यं दह्यतेऽखिलम्। देवराज्यं चिकीर्षेत दीयतामस्य यन्मतम्।।1.65.17।।,0.0075724297,0.0013751971,0.66806865,0.17638373,0.110950015,0.02974903,0.0010249009,0.0030742162,0.0018018846,False,MuRIL,1
4,3,एतेनदेवायुधिदानवाश्चयक्षाभुजङ्गाःपिशिताशनाश्च । गन्धर्वविद्याधरकिन्नरैश्चसहस्रशोराघवसम्प्रभग्नाः ।।6.61.10।।,0.0005614343,0.00073012995,0.0007378433,0.62924606,0.3512683,0.009476184,0.003424928,0.0038033589,0.0007518373,False,MuRIL,4
4,2,उपस्थितमनाधृष्यंतद्विमानंमनोजवम् । निवेदयित्वारामायतस्थौतत्रविभीषणः ।।6.124.29।।,0.002076027,0.0004564542,0.9321756,0.0039356938,0.057505794,0.001123251,0.0003662807,0.00052275474,0.0018381893,False,MuRIL,3
4,3,तामापततनींसहसाशिलांदृष्टवामहोदरः । असम्भ्रान्तस्ततोबाणैर्निर्बिभेददुरासदाम् ।।6.98.13।।,0.00013646804,8.927279e-05,0.00031840501,0.9971142,0.0013724128,0.00047378347,0.0002944063,0.00010865239,9.2372095e-05,False,MuRIL,4
7,4,दीप्तशैवाश्रमोह्येषसुतीक्षणस्यमहात्मनः ।।6.126.47।। वैदेहिदृश्यतेचैवशरभङ्गाश्रमोमहान् । उपयातःसहस्राक्षोयत्रशक्रःपुरन्दरः ।।6.126.48।।,0.00022028202,0.000116095645,0.0006680276,0.018311102,0.97672415,0.0027103915,0.0005146402,0.00047461592,0.00026065455,False,MuRIL,4
4,3,तमापतन्तंसहसासमीक्ष्यदीप्तेषुचापंयुधिराक्षसेन्द्रम् । महत्समुत्पाट्यमहीधराग्रंदुद्रावरक्षोधिपतिंहरीशः ।।6.59.36।।,7.930088e-05,0.00012286639,0.00013546259,0.99817586,0.00058418384,0.00042535207,0.0002709938,8.659739e-05,0.00011936748,False,MuRIL,4
3,5,मेघपर्वतसङ्काशाश्छादयन्त इवाम्बरम्। घोररूपाः कपिश्रेष्ठा यान्तु मच्छासनादितः।।4.37.14।।,0.0002866614,0.0002642587,0.0006003053,0.08770338,0.0019180509,0.9073937,0.0009223974,0.0005820851,0.00032916362,False,MuRIL,2
2,4,ततो विचुक्रुशुस्तत्र वानरा हरियूथपाः। परिदेवयमानास्ते सर्वे प्लवगपुङ्गवा:4.22.25।।,0.00027719207,9.314367e-05,0.0024159674,0.0008661605,0.9945398,0.0012681143,0.00016760234,0.0001362804,0.00023564034,False,MuRIL,2
4,7,सोऽभिपत्याशु तद्वक्त्रं निष्पत्य च महाबलः। अन्तरिक्षे स्थितः श्रीमानिदं वचनमब्रवीत्।।5.1.168।।,0.0023948841,0.0012333638,0.002377726,0.01587221,0.11719061,0.0338039,0.0013834093,0.76331794,0.062425897,False,MuRIL,1
4,3,उद्वहेयं भुजाभ्यां तु मेदिनीमम्बरे स्थितः। आपिबेयं समुद्रं च हन्यां मृत्युं रणे स्थितः।।3.49.3।।,0.00010990394,0.00012333451,0.0002422257,0.9883647,0.009596338,0.00089488615,0.00040524683,0.00012793767,0.00013538387,False,MuRIL,4
5,7,इह शाखामृगास्सिंहा द्वीपिव्याघ्रमृगास्तथा। ऋक्षास्तरक्षवः कङ्काः कथं तेभ्यो न बिभ्यसि।।3.46.29।।,0.00054460444,0.00043390243,0.0004950678,0.0026817815,0.01682854,0.0029666757,0.00048474837,0.9751965,0.0003681397,False,MuRIL,1
2,8,सुप्तायास्ते गमिष्यन्ति नव वर्षाणि पञ्च च। सा समग्रमिह प्राप्तं मां द्रक्ष्यसि सुहृद्वृतम्।।2.39.35।।,0.0034545483,0.00046699287,0.005693735,0.00023175063,0.0038605938,0.00047712127,0.00017531315,0.00037095306,0.985269,False,MuRIL,2
0,3,स तामसितकेशान्तां सुश्रोणीं संहतस्त्नीम्। दिदृक्षुरसितापाङ्गामुपावर्तत रावणः।।5.18.32।।,0.0004587194,0.0004126107,0.000259823,0.997895,0.0002932607,0.0001184084,0.00036501756,0.00012818785,6.884204e-05,False,MuRIL,5
2,4,स त्वंजीवतिसुग्रीवेलक्ष्मणेन च राघवे ।।6.93.15।। ममशल्यमनुद्धृत्यक्वगतोऽसिविहायनः ।,0.0004329035,0.00010266735,0.001737546,0.0012381107,0.99599767,0.00012760646,9.96867e-05,0.00013998811,0.00012379736,False,MuRIL,5
3,2,स तथा गृध्रराजेन क्लिश्यमानो मुहुर्मुहुः।।3.51.36।। अमर्षस्फुरितोष्ठस्सन्प्राकम्पत च रावणः।,0.0006572157,0.00034977956,0.9838378,0.0119305095,0.001022662,0.0010565048,0.00054326456,0.00027262105,0.00032977713,False,MuRIL,3
8,4,एवं स देवप्रवर: पूर्वं कथितवान्कथाम्। सनत्कुमारो भगवान्पुरा देवयुगे प्रभु:।।1.11.11।।,0.00067849463,0.00026645823,0.0014439049,0.0010935796,0.97058207,0.0043145227,0.00036584344,0.001744918,0.019510144,False,MuRIL,2
0,7,तत्तुदृश्यतेतीर्थंसमुद्रस्यवरानने ।।6.126.15।। यत्रसागरमुत्तीर्यतांरात्रिमुषितावयम् ।,0.00026982656,0.000105193954,0.00021947753,0.0001334828,0.00055876217,0.00038990032,0.00028039335,0.9958605,0.0021825305,False,MuRIL,3
2,0,प्रसादये त्वां कौसल्ये रचितोऽयं मयाऽञ्जलिः। वत्सला चानृशंसा च त्वं हि नित्यं परेष्वपि।।2.62.7।।,0.9278019,0.00027416108,0.06835427,0.000757801,0.00097592926,0.0005467465,0.00030780872,0.00060198695,0.00037933275,False,MuRIL,5
5,3,द्रुमाणांचशिलानांचशस्त्राणांचापिनिस्स्वनः ।।6.53.21।। श्रूयतेसुमहांस्तत्रघोरोहृदयभेदसः ।,0.00019895942,0.00035286936,0.0004125638,0.9957279,0.0011668635,0.0011040492,0.00071943004,0.0001739416,0.0001434644,False,MuRIL,3
0,2,यो मे भ्राता पिता बन्धुर्यस्य दासोऽस्मि धीमतः। तस्य मां शीघ्रमाख्याहि रामस्याक्लिष्टकर्मणः।।2.72.32।।,0.0005665971,0.00020700983,0.9889398,0.0014191356,0.0073142685,0.00039261617,0.00017387365,0.00017484388,0.0008118014,False,MuRIL,3
3,4,मनोरथोऽयमिष्टोऽस्या भगिन्या मम राक्षसाः। शीघ्रं सम्पाद्यतां तौ च प्रमथ्य स्वेन तेजसा।।3.19.24।।,0.0002197638,9.341734e-05,0.0002166846,0.0005529974,0.9982231,0.00031778298,0.00011583212,0.0001667011,9.373128e-05,False,MuRIL,4
4,3,एवमुक्त्वा स द्युतिमान् वचनंभ्रातुरग्रतः । स रावणिवधाकाङ्क्षीलक्ष्मणस्त्वरितोययौ ।।6.85.28।।,0.00035165614,0.00024335545,0.0008639442,0.65749395,0.33759785,0.0018186981,0.0007972363,0.00043126103,0.00040209314,False,MuRIL,4
8,4,ततो वेदश्रुतिं नाम शिववारिवहां नदीम्। उत्तीर्याभिमुखः प्रायादगस्त्याध्युषितां दिशम्।।2.49.10।।,0.004567465,0.0019916848,0.004322144,0.08062878,0.79007286,0.039982222,0.0016910053,0.035358865,0.041384954,False,MuRIL,1
3,2,कीमेतदेवंसुविनिश्चितंतेयद्राघवेनासिकृतानुकम्प । पश्याद्यमद्बाहुबलाभिभूतोविकीर्णमात्मानमथोनगेन्द्र ।।6.74.66।।,0.004405769,0.00021884851,0.96418655,0.015454939,0.011748929,0.0023999286,0.0005522265,0.0008415284,0.00019142576,False,MuRIL,5
3,4,ततस्तन्नगरद्वारं वेगेनाप्लुतवानहम्। पुच्छेन च प्रदीप्तेन तां पुरीं साट्टगोपुराम्।।5.58.155।। दहाम्यहमसंभ्रान्तो युगान्ताग्निरिव प्रजाः।,0.0038139825,0.0026121968,0.0014731892,0.0976888,0.6788715,0.100896,0.004309176,0.10981599,0.000519114,False,MuRIL,3
2,0,को न्वनेनाऽप्रतीतेन सोत्कण्ठितजनेन च। सम्प्रियेतामनोज्ञेन वासेन हृतचेतसा।।2.48.20।।,0.87234306,0.00038619406,0.121160574,0.0012899877,0.0019271336,0.00058182434,0.00047693876,0.0006985159,0.0011358368,False,MuRIL,3
8,4,इदं निखिल मव्यग्रं राज्यं पित्र्यमकण्टकम्। अनुशाधि स्वधर्मेण धर्मज्ञ सहबान्धवैः।।2.106.25।।,0.0005159772,0.00013213186,0.002727206,0.000522632,0.9936924,0.0010633402,0.00018819615,0.00013714156,0.0010209848,False,MuRIL,2
